{
  "Author": "LocalUser",
  "Name": "Auto-Marketbuddy",
  "InternalName": "AutoMarketbuddy",
  "AssemblyVersion": "1.0.1.0",
  "Description": "Automated retainer price adjustments with market data.",
  "ApplicableVersion": "any",
  "Tags": [
    "market",
    "retainer",
    "automation",
    "marketbuddy"
  ],
  "DalamudApiLevel": 14,
  "LoadRequiredState": 0,
  "LoadSync": false,
  "CanUnloadAsync": true,
  "LoadPriority": 0,
  "Punchline": "Auto-undercuts retainer items with market data.",
  "AcceptsFeedback": true
}